svyear,vsic1993,ER,XR,XSH,ESH,XRS,ERS
2000-2005,111,0.324324324324324,0.648648648648649,0.480316733591023,0.0313988480075232,0.500634869054497,0.0297153036428075
2000-2005,112,1,0.333333333333333,0.0328580285182889,0.440585109297102,0.067948717948718,0.787582019390853
2000-2005,113,0.473170731707317,0.473170731707317,0.348622328940425,0.225391511962901,0.595901328978306,0.296974230446623
2000-2005,115,0.472222222222222,0.722222222222222,0.657438660753478,0.596175959955807,0.738148163254208,0.78158439255099
2000-2005,116,3.1875,0.5,0.109723854289072,0.173985417037169,0.123246988945719,0.0371704198959569
2000-2005,117,2.5,0.916666666666667,0.894678369070103,0.878537853785378,0.772247794399693,0.723301770275834
2000-2005,121,1.33333333333333,0.5625,0.321122451621973,0.209384103830907,0.367904208076729,0.0827614683238849
2000-2005,122,0.583333333333333,0.541666666666667,0.423164005374548,0.170249556033274,0.620734236486119,0.131902482198174
2000-2005,123,1.38461538461538,0.538461538461538,0.663142907990746,0.2196471518189,1.68738678903514,0.0938238611464327
2000-2005,130,0.466666666666667,0.666666666666667,0.617446377852502,0.192792525582085,0.807006315070831,0.170599196871473
2000-2005,140,0.642335766423358,0.576642335766423,0.325302599404849,0.598258825387512,0.353980549375775,0.973033833541851
2000-2005,200,0.385041551246537,0.515235457063712,0.379823414196109,0.490019822186695,0.576224171216951,1.168240496316
2000-2005,500,0.304089479203076,0.831527437958756,0.634470475931768,0.663612643139593,0.351675045996085,1.10429395740256
2000-2005,1010,1.03030303030303,0.454545454545455,0.535372059718249,0.584537734822657,1.38271166230838,0.827622037393688
2000-2005,1020,1.5,0.5,0.597359328726555,0.912010705921713,1.48360404535703,3.45500633713561
2000-2005,1030,3,0.6,0.44527480843818,0.901617767114843,0.535129604365621,0.610962461191081
2000-2005,1110,2.33333333333333,0.333333333333333,0.034461153715258,0.322818642290663,0.0713822211252497,0.204303980198141
2000-2005,1310,2.75,0.583333333333333,0.569318558638223,0.887410490963773,0.944215548334762,0.716529290226759
2000-2005,1320,2.47058823529412,0.588235294117647,0.745470652420514,0.419936996230063,2.0501740237691,0.155132284954078
2000-2005,1410,2.82950819672131,0.518032786885246,0.294143413703904,0.555956776209323,0.387706341611372,0.211815550601479
2000-2005,1421,2.25,0.25,0.0463451304202563,0.160120007127495,0.14579214734366,0.0635487643021724
2000-2005,1422,0.454545454545455,0.636363636363636,0.579794516323988,0.460706107522472,0.788450329792899,0.659013312280905
2000-2005,1429,0.925925925925926,0.62962962962963,0.442928072468935,0.416247202011936,0.467706075472987,0.285221555046283
2000-2005,1511,1.72093023255814,0.465116279069768,0.245601040807914,0.215368811780828,0.374392347030248,0.0927311261675402
2000-2005,1512,1.05689277899344,0.531728665207877,0.510624612075407,0.55958971154347,0.918897605925361,0.58663773795377
2000-2005,1513,2.02666666666667,0.466666666666667,0.170559862607776,0.397924628800927,0.235008590106189,0.191319415885929
2000-2005,1514,0.613636363636364,0.636363636363636,0.355617585164707,0.652828038974547,0.315356291523704,0.835740865255322
2000-2005,1520,2.26666666666667,0.4,0.0143568071738277,0.0455348186778224,0.0218488910768945,0.00982206139479429
2000-2005,1531,0.334785314250156,0.567517112632234,0.581248752123891,0.388428540855054,1.05778130113729,0.815754908300612
2000-2005,1532,1,0.617647058823529,0.284346247558307,0.574455900762801,0.245962334348881,0.536002695220706
2000-2005,1533,3.26190476190476,0.452380952380952,0.131859230785628,0.407804065048584,0.183863118178642,0.120635965171822
2000-2005,1541,3.33333333333333,0.454545454545455,0.350283854661175,0.614835151647298,0.646960412803354,0.30474644911639
2000-2005,1542,0.111675126903553,0.83756345177665,0.347416405818363,0.368551219186135,0.103247657142699,0.663249682865509
2000-2005,1543,2.7037037037037,0.407407407407407,0.041191925879676,0.152803009420828,0.0624895953313979,0.0370608949243916
2000-2005,1544,1.26470588235294,0.529411764705882,0.199178046930088,0.213253837488455,0.221081792460913,0.0945551145810547
2000-2005,1549,3.8019801980198,0.5,0.623552834706644,0.577313055224421,1.65641527469259,0.558420010404837
2000-2005,1551,2.22727272727273,0.409090909090909,0.0886977707394323,0.1456297985622,0.140588926555283,0.041743544430966
2000-2005,1552,3.5,0.666666666666667,0.874132215012326,0.990521049969086,3.47242233228276,9.95208728652751
2000-2005,1553,0.722222222222222,0.54320987654321,0.253407626316046,0.246489447396383,0.28542051082491,0.187325945504602
2000-2005,1554,0.92022792022792,0.586894586894587,0.335309284137625,0.300780788740619,0.355080438527502,0.0772435478337554
2000-2005,1600,0.576923076923077,0.538461538461538,0.390819509706785,0.507339562760525,0.549899670976012,0.892489541456846
2000-2005,1711,1.74444444444444,0.45,0.15004937280553,0.38489938294362,0.215769801216306,0.195297857882365
2000-2005,1712,4.03846153846154,0.307692307692308,0.298703707520145,0.410754797701992,0.958344353345676,0.132778355735385
2000-2005,1721,1.97826086956522,0.478260869565217,0.414174277190326,0.426772952910913,0.771264331037951,0.21271698539404
2000-2005,1722,0.563636363636364,0.690909090909091,0.370055347302806,0.602930066597706,0.262802574346985,0.636768537634723
2000-2005,1723,1.26086956521739,0.565217391304348,0.116590677765229,0.219315313760597,0.101521610068146,0.0871842043731023
2000-2005,1729,2.48076923076923,0.557692307692308,0.470001696541706,0.44782962607571,0.703322942338559,0.17603865451894
2000-2005,1730,2.0952380952381,0.428571428571429,0.173406529489969,0.694694723897193,0.279712717599817,0.637804360047613
2000-2005,1810,2.41138211382114,0.507317073170732,0.404277855415347,0.630884211507753,0.659058921630622,0.338838863384882
2000-2005,1820,1.25,0.375,0.354928554129329,0.669061626299508,0.917026468931857,0.202171062490634
2000-2005,1911,4.2,0.4,0.453456387984075,0.920960297738679,1.24452023044831,2.77425464789052
2000-2005,1912,2.36507936507937,0.476190476190476,0.14100757161102,0.644334904825118,0.180570076808504,0.425551561728218
2000-2005,1920,1.36764705882353,0.426470588235294,0.199804238454932,0.343904768526626,0.335795644801251,0.216055314501746
2000-2005,2010,1.35202492211838,0.576323987538941,0.259060767690273,0.698352267052897,0.257031432753976,0.592117273793095
2000-2005,2021,3.26666666666667,0.533333333333333,0.512854699045906,0.762498457638087,0.921178672536257,0.873605162491085
2000-2005,2022,1.68,0.53,0.459610715786707,0.621327520036792,0.754232783488467,0.263700727834892
2000-2005,2023,2.15384615384615,0.538461538461538,0.047445366402237,0.689353776853777,0.0426930440331844,0.634027415377629
2000-2005,2029,1.73011363636364,0.559659090909091,0.505405210770182,0.578372564590223,0.803999263026363,0.342377421066292
2000-2005,2101,2.4,0.5,0.0823626620483076,0.240039125374539,0.0897551338006295,0.131607172920163
2000-2005,2102,2.53383458646617,0.496240601503759,0.31461637811176,0.514106553762088,0.465992011965109,0.270010497657302
2000-2005,2109,1.07027027027027,0.508108108108108,0.817268857158023,0.506007301445696,4.32978088036984,0.196586938800662
2000-2005,2211,1.4,0.1,0.33662307594204,0.12071088453368,4.56694764862467,0.0980588282791071
2000-2005,2212,0.607142857142857,0.25,0.0637042410660069,0.255147300808669,0.204115762967472,0.463446383028684
2000-2005,2213,3.5,0.5,0.0123901873031659,0.990601685883151,0.0125456300088113,15.0574374079529
2000-2005,2219,1.7,0.2,0.591480881803463,0.173776128857117,5.79146341463415,0.111348909484719
2000-2005,2221,4.09722222222222,0.509259259259259,0.550299531932416,0.602451007026858,1.1792041092171,0.215753749254224
2000-2005,2222,12.9230769230769,0.615384615384615,0.597609561752988,0.916018941049208,0.928217821782178,0.259701116648997
2000-2005,2230,5,0.5,0.892267103813939,0.892520084689231,8.28221588207323,1.66081277996654
2000-2005,2310,1,0.5,0.247819419150772,1,0.329467983434215,
2000-2005,2320,1.14285714285714,0.571428571428571,0.217060203654404,0.378540622205202,0.207928059731611,0.228418362324275
2000-2005,2411,1.27272727272727,0.386363636363636,0.160023923914965,0.253664101964691,0.30257486028592,0.133523999857979
2000-2005,2412,1.34177215189873,0.544303797468355,0.368608185723315,0.654732967091156,0.488764971326792,0.55458092141161
2000-2005,2413,1.84615384615385,0.538461538461538,0.0475485752215361,0.914055077665697,0.0427905513689994,1.32941983778615
2000-2005,2421,1.84615384615385,0.153846153846154,0.141114387335016,0.201584138829995,0.90364667762263,0.199880101337857
2000-2005,2422,2.80281690140845,0.436619718309859,0.381707858760845,0.521885803094754,0.796591508314715,0.224892319416261
2000-2005,2423,1.32758620689655,0.413793103448276,0.436507987030391,0.503230426651436,1.09741806578734,0.407833477626648
2000-2005,2424,2.28070175438597,0.456140350877193,0.207704287148457,0.151735171367331,0.312569429917886,0.0495352030570722
2000-2005,2429,3.43478260869565,0.543478260869565,0.60821944539836,0.450752180894408,1.30405740696882,0.176600254703573
2000-2005,2430,1,1,1,0.0960366159337464,,0.106239497778936
2000-2005,2511,0.851851851851852,0.518518518518519,0.0259096544607142,0.134139939459128,0.0246989049491684,0.101035459653639
2000-2005,2519,1.47191011235955,0.426966292134831,0.284951215834931,0.619311363359497,0.534836971944304,0.633341601022248
2000-2005,2520,2.76422764227642,0.414634146341463,0.218602808622061,0.483261410191655,0.394953722926951,0.209047941994787
2000-2005,2610,1.27777777777778,0.592592592592593,0.23975169674767,0.644760487357924,0.216809811753457,0.578696344993935
2000-2005,2691,1.125,0.369318181818182,0.251155844589598,0.543694735055711,0.572745211054715,0.686023998969315
2000-2005,2692,1.6,0.48,0.357048017858967,0.327550515812968,0.601603276902828,0.255727790481848
2000-2005,2693,0.646638054363376,0.597997138769671,0.255973388875602,0.496092107788817,0.23127909930978,0.561943211099632
2000-2005,2694,0.824074074074074,0.444444444444444,0.0890559324587758,0.246671166203079,0.122202799864474,0.191314168081798
2000-2005,2695,2.35897435897436,0.474358974358974,0.213657000046587,0.446948200372019,0.30108369263757,0.20642933713654
2000-2005,2696,4.17948717948718,0.41025641025641,0.197784705666606,0.711128060076863,0.354412981657248,0.392670432911185
2000-2005,2699,2.30952380952381,0.547619047619048,0.522610949676397,0.772002976387215,0.904340157300346,0.802871235915495
2000-2005,2710,2.90540540540541,0.472972972972973,0.245606237236894,0.527481828789391,0.362775429757203,0.207687577267022
2000-2005,2720,2.91666666666667,0.583333333333333,0.0886872821223499,0.494837344197924,0.0695129755308937,0.22389952498414
2000-2005,2731,1.21212121212121,0.454545454545455,0.371701179944663,0.641246815172999,0.709919232212326,0.491543717605214
2000-2005,2732,3.71428571428571,0.642857142857143,0.561579872555482,0.124360493466112,0.711620654610255,0.0409680228009246
2000-2005,2811,5.55681818181818,0.397727272727273,0.233424993487952,0.54585345263564,0.461105736546715,0.172055763730042
2000-2005,2812,2.88888888888889,0.444444444444444,0.0478052789183213,0.652079094622387,0.0627567002052049,0.43251149540262
2000-2005,2813,5.33333333333333,,,0.703021667415243,,0.591812255541069
2000-2005,2891,1.83333333333333,0.388888888888889,0.314642298030364,0.622296706213663,0.721430423097168,0.216348997859123
2000-2005,2892,1.92156862745098,0.529411764705882,0.0978038915736652,0.644918349768848,0.0963613029339764,0.315064411843319
2000-2005,2893,1.52631578947368,0.526315789473684,0.362145693270727,0.423808907845644,0.510980517815945,0.228269586645432
2000-2005,2899,2.9320987654321,0.521604938271605,0.476116436176754,0.555144771716758,0.833534143974253,0.203608379690214
2000-2005,2911,5.66666666666667,0.666666666666667,0.941421031262688,0.147966361617139,8.03548655392293,0.0612926760102389
2000-2005,2912,1.44827586206897,0.448275862068966,0.304161297500944,0.748165137614679,0.537987273215112,0.919550698239223
2000-2005,2913,2.0625,0.5,0.383179136765305,0.257173708884487,0.621216238951224,0.0419648188906519
2000-2005,2914,12,,,1,,
2000-2005,2915,2.18181818181818,0.545454545454545,0.567555541084666,0.445725517335726,1.09369640691011,0.201040067365731
2000-2005,2919,3.625,0.625,0.829308099375196,0.405821738923976,2.91510527332432,0.0706548218761919
2000-2005,2921,1.57142857142857,0.428571428571429,0.177594474159679,0.252458390612827,0.287926849677907,0.190350246016612
2000-2005,2922,2.27777777777778,0.444444444444444,0.336801773616679,0.602107343479802,0.634806005614248,0.332174777544779
2000-2005,2924,2.125,0.5,0.255776346261346,0.529735826357211,0.343682097413107,0.331313043909003
2000-2005,2925,1.61111111111111,0.611111111111111,0.0489613851251958,0.752687381559171,0.032761282867333,0.839576644613585
2000-2005,2926,2.33333333333333,0.333333333333333,0.0818013155675494,0.778053691275168,0.178177810433505,1.00159834118104
2000-2005,2929,3.07894736842105,0.447368421052632,0.0528214637981299,0.644403309677208,0.068888853601968,0.340750789867324
2000-2005,2930,2.04,0.58,0.221736529266492,0.555992389366592,0.206315518556294,0.294638505155049
2000-2005,3000,7.66666666666667,0.666666666666667,0.0041259008391288,0.476532496109129,0.00207149721164819,0.0791598486043828
2000-2005,3110,1.40740740740741,0.296296296296296,0.065940987927697,0.0763565757110895,0.167665901516036,0.0369834503387001
2000-2005,3120,1.61538461538462,0.5,0.149943078473195,0.269727896380182,0.176391809390692,0.149499859798973
2000-2005,3130,1.52830188679245,0.339622641509434,0.0561194185780327,0.283167117838003,0.115609001633571,0.156059374202157
2000-2005,3140,1.11764705882353,0.470588235294118,0.0468789547668772,0.0494917889634126,0.0553327663642529,0.0191832293238533
2000-2005,3150,2.15384615384615,0.384615384615385,0.103465042344581,0.379371603973888,0.184648759468625,0.218310762816599
2000-2005,3190,2.70731707317073,0.463414634146342,0.449140143737166,0.243109115382347,0.944082242743125,0.0810220114214063
2000-2005,3210,1.91176470588235,0.529411764705882,0.168205781638678,0.300597838210665,0.179751490266482,0.0925707029598122
2000-2005,3220,0.827586206896552,0.551724137931035,0.425523401106824,0.405480862739574,0.601830891050072,0.397851790532254
2000-2005,3230,2.16666666666667,0.5,0.22713246757443,0.494514573981544,0.293882791093057,0.26338749308277
2000-2005,3311,1.42307692307692,0.423076923076923,0.379857798364563,0.409474456478901,0.835272789845185,0.281110884792837
2000-2005,3312,2.57142857142857,0.571428571428571,0.570823288772007,0.578225681736172,0.997531914893617,0.152326244601972
2000-2005,3313,0.5,,,0.0482528439228999,,0.0506992257500279
2000-2005,3320,1.2,,,0.216621761709927,,0.184348378277447
2000-2005,3330,1.66666666666667,0.333333333333333,0.342973602484472,0.118393643823277,1.04401772525849,0.0402879277107472
2000-2005,3410,0.446808510638298,0.595744680851064,0.171104835471803,0.288956103484551,0.140074230868107,0.367679795667271
2000-2005,3420,1.4,0.6,0.806597020426099,0.814838213199458,2.78036743867878,0.419112607915825
2000-2005,3430,2.09090909090909,0.254545454545455,0.0244458414854141,0.590489045973195,0.0733853597944552,0.288387424154004
2000-2005,3511,1.375,0.519736842105263,0.364427154380888,0.565947902403218,0.529835635642568,0.399271474072222
2000-2005,3512,4.4,0.6,0.105942577342533,0.678360758966191,0.0789975935607004,0.479334857492832
2000-2005,3520,0.333333333333333,0.555555555555556,0.011196882008551,0.0199278325223862,0.00905893746071119,0.0271107008696771
2000-2005,3530,0.4,0.8,0.764678433202492,0.898331326337519,0.812376064388196,4.41793570219966
2000-2005,3591,2.10169491525424,0.406779661016949,0.411670807850089,0.410566466480212,1.02043765541227,0.24154352817612
2000-2005,3592,0.805555555555556,0.333333333333333,0.149652691093325,0.806397909959286,0.351980160402318,2.87257482349564
2000-2005,3599,1.90909090909091,0.318181818181818,0.00641075916346413,0.414150095514085,0.0138259760673335,0.218809142574932
2000-2005,3610,2.82673267326733,0.51980198019802,0.269167438055764,0.641894088379394,0.340241329852375,0.329613564965078
2000-2005,3691,1.02702702702703,0.405405405405405,0.0136064073898302,0.2093186743009,0.0202313400261894,0.118432751318652
2000-2005,3692,2.33333333333333,,,0.391066828531667,,0.0917451904541934
2000-2005,3693,2.45454545454545,0.454545454545455,0.391640745484487,0.447858340114902,0.77251869038412,0.270376470782337
2000-2005,3694,1.16666666666667,0.433333333333333,0.116929862360903,0.605515810830248,0.173155307864533,0.833261742920417
2000-2005,3699,2.61052631578947,0.410526315789474,0.0922482373668666,0.472525200994214,0.145919857117011,0.184222111379261
2000-2005,3710,10.5,1,1,1,,
2000-2005,3720,2.33333333333333,0.833333333333333,0.985592094336489,0.636880085981882,13.6812680115274,0.375838115372999
2000-2005,4010,1.4,0.65,0.889514374348647,0.942789037100769,4.33512753963899,1.7656250830083
2000-2005,4020,2,,,0.419037263430116,,0.360640396580505
2000-2005,4100,1.03669724770642,0.422018348623853,0.611915624188171,0.40811941171,2.15947460681272,0.433244502304564
2000-2005,4510,5.875,0.616666666666667,0.544527270367607,0.930562599979991,0.743161780720215,0.798384903491874
2000-2005,4520,2.84111699566683,0.535869041887338,0.47896395990789,0.526981338915663,0.796190407323576,0.182470728456149
2000-2005,4530,6.33333333333333,0.419753086419753,0.232479137959768,0.402816057145813,0.418709426694397,0.111763556405211
2000-2005,4540,6.69230769230769,0.615384615384615,0.105711168620287,0.885526177120348,0.0738793531456132,0.400118358719162
2000-2005,4550,5.28571428571429,0.285714285714286,0.0438396650452558,0.96697926297715,0.114624251400605,0.791459459459459
2000-2005,5010,1.9020979020979,0.573426573426573,0.493824841646752,0.588090782804983,0.725751744409949,0.207334251940909
2000-2005,5020,3.08396946564886,0.458015267175573,0.261133252051718,0.473766286968691,0.418218416856084,0.160448853060022
2000-2005,5030,3.50434782608696,0.626086956521739,0.113211023876404,0.666480586138697,0.0762437751031489,0.208262284874347
2000-2005,5040,1.49613152804642,0.637330754352031,0.37212623583432,0.561906347190539,0.337259200954542,0.330810707979752
2000-2005,5050,1.86831460674157,0.460674157303371,0.298919771342313,0.436006895404947,0.499165202425479,0.219256937587451
2000-2005,5110,24.0769230769231,0.576923076923077,0.390566680047782,0.778251276349156,0.469970308467593,0.0322368222284515
2000-2005,5121,2.27433628318584,0.586283185840708,0.453138516796061,0.542539116923355,0.584721920594154,0.224966881870837
2000-2005,5122,2.26792828685259,0.558764940239044,0.43966468617968,0.557287992544099,0.619604346674873,0.25983234434836
2000-2005,5131,5.4017094017094,0.683760683760684,0.427857562441713,0.781935143774078,0.345865137139268,0.283686049406202
2000-2005,5139,1.82765151515152,0.526515151515152,0.414546953271196,0.591080807951998,0.636761606774221,0.203214739766095
2000-2005,5141,1.88700564971751,0.488700564971751,0.291046009440056,0.249828880567826,0.429512758934556,0.116659925979315
2000-2005,5142,8.26857142857143,0.725714285714286,0.665900187672657,0.620174503756125,0.753304257597995,0.314822284505373
2000-2005,5143,4.36610169491525,0.529943502824859,0.384185012727532,0.657227975654881,0.553363682045494,0.209900716797532
2000-2005,5149,3.81649484536083,0.505154639175258,0.419831750776317,0.53457613701381,0.708869808737073,0.198565814452452
2000-2005,5150,3.99708454810496,0.565597667638484,0.443443386959788,0.501847169060415,0.611946385202228,0.118058484691395
2000-2005,5190,0.899363057324841,0.499363057324841,0.413797295524363,0.4765116884645,0.707695303523338,0.121196400440322
2000-2005,5211,0.341463414634146,0.524390243902439,0.310676260214604,0.545978547634251,0.408771853807128,0.300634774408425
2000-2005,5219,0.701219512195122,0.481707317073171,0.382567095912359,0.484304466720008,0.666668105944353,0.187825736492102
2000-2005,5231,0.471230158730159,0.569444444444445,0.521206693181933,0.714178694487092,0.823075644264941,0.289321941913118
2000-2005,5232,0.0586329770003239,0.676060900550696,0.593068704500806,0.43750065458893,0.698331234573622,0.199816369431532
2000-2005,5234,834,0.5,0.13343937787204,0.834921869432785,0.153987354680808,0.360833798261105
2000-2005,5239,816.5,0.666666666666667,0.868265722257995,0.538698794815144,3.29551934826884,0.520841302801104
2000-2005,5260,2.15686274509804,0.529411764705882,0.574213622441538,0.95148152853654,1.1987516175687,1.4262332372312
2000-2005,5510,1.49121706398996,0.529485570890841,0.335802476080679,0.296127927874222,0.449267971493607,0.139116613834182
2000-2005,5520,2.99785867237687,0.635974304068523,0.224223748919432,0.611788370010687,0.165438887577166,0.204868896131676
2000-2005,6010,3,,,0.862063163940511,,2.08323168914967
2000-2005,6020,2.49284436493739,0.516994633273703,0.378012880033562,0.650608464751276,0.56779442988424,0.327390777741776
2000-2005,6110,2.90425531914894,0.531914893617021,0.070309657406478,0.266373467128242,0.0665517276914991,0.0744802822110373
2000-2005,6120,1.17204301075269,0.566308243727599,0.811948675370632,0.438408345277607,3.30659088374282,0.236344559147934
2000-2005,6200,1,0.5,0.87991420447313,0.87838121897937,7.32737956735475,3.61120713268115
2000-2005,6301,0.377155172413793,0.484913793103448,0.295235918031162,0.488337354315042,0.444980328814124,0.256327996540784
2000-2005,6304,668,,,0.423917853696258,,0.0815178184950085
2000-2005,6309,530,,,0.682892218299151,,0.442890018520805
2000-2005,6410,15.5,0.666666666666667,0.99245629819576,0.949672033199156,65.7804565947931,0.811598630964719
2000-2005,6511,1,,,0.993429435246436,,151.193919017026
2000-2005,6519,3.35333333333333,0.753333333333333,0.196931173286566,0.899881896132692,0.0802943489440986,5.96831010764019
2000-2005,6591,1,0.4,0.382692307692308,0.471558483305459,0.929906542056075,0.535414196358122
2000-2005,6592,0.297930283224401,0.71677559912854,0.987178473068899,0.252147091927078,30.4230941735367,0.13128951803493
2000-2005,6599,0.407407407407407,0.148148148148148,0.0206722760066339,0.146581068753307,0.121374677879486,0.351322079205632
2000-2005,6601,2,0.2,0.0156397343032715,0.00133618353462711,0.0635528874875976,0.000668985654930577
2000-2005,6603,2.14285714285714,0.142857142857143,0.00310107297057272,0.968421676997173,0.0186643172331221,10.2224309263296
2000-2005,6711,2,0.2,0.0354038583845665,0.662758848340363,0.146813186813187,0.982618587735783
2000-2005,6720,24,1,1,1,,
2000-2005,7010,5,0.8,0.905650487472481,1,2.39972222222222,
2000-2005,7110,3.51381215469613,0.458563535911602,0.510075842136069,0.388640579511705,1.22928868392782,0.134936111013572
2000-2005,7120,14.125,0.8125,0.0455798682168799,0.593079124003527,0.0110207557203566,0.0257961099203254
2000-2005,7211,12.5714285714286,0.571428571428571,0.533101045296167,0.72895443543834,0.85634328358209,0.27505396847352
2000-2005,7221,5.45,0.65,0.157642028528371,0.720287205287643,0.100769710838361,0.259872039651671
2000-2005,7230,1.625,1,1,0.965592848709732,,2.15874811463047
2000-2005,7310,1,0.333333333333333,0.1,0.0139296324669743,0.222222222222222,0.00470880271348309
2000-2005,7320,13.0769230769231,0.646153846153846,0.356339437606324,0.692510920564927,0.303169519545198,0.0821371629807779
2000-2005,7330,9,1,1,0.958092291134131,,2.54021758516141
2000-2005,7350,6.8,0.8,0.995274102079395,0.825733529457304,52.65,0.278725795071472
2000-2005,7390,1.52941176470588,0.823529411764706,0.709601775470039,0.868731159221705,0.523617262333917,0.254536695037739
2000-2005,7411,2.36363636363636,0.745454545454546,0.671581196581197,0.700682911059927,0.698256026151673,0.252101074214693
2000-2005,7412,5,0.678571428571429,0.606207319491131,0.509927737108408,0.729192922472217,0.0817547815018177
2000-2005,7413,9.85714285714286,0.642857142857143,0.710308184972765,0.983695024024041,1.36219125929085,1.31154283617685
2000-2005,7414,8.85454545454546,0.709090909090909,0.456954536251772,0.757684816665255,0.345217003377732,0.250405349501148
2000-2005,7421,5.0479797979798,0.414141414141414,0.132497421157525,0.44243161890009,0.216063192021537,0.093283125163407
2000-2005,7422,3,0.705882352941177,0.209192844303689,0.441810134011543,0.110221163906628,0.108637956946157
2000-2005,7430,8.80588235294118,0.617647058823529,0.292402594671881,0.890354913101271,0.255810901328896,0.341737574406286
2000-2005,7491,10.1176470588235,0.676470588235294,0.142487307938002,0.290986941802354,0.0794694987342635,0.0214750077339453
2000-2005,7492,62.6666666666667,0.666666666666667,0.524714503031731,0.867009347526581,0.551999278726953,0.173386315608438
2000-2005,7493,16.1428571428571,0.714285714285714,0.96207820373796,0.391668877259829,10.148023549201,0.0569771318508879
2000-2005,7494,1.8130081300813,0.626016260162602,0.483483393357343,0.63658760037262,0.559196415523041,0.424177209273517
2000-2005,7495,1,1,1,0.992248799277189,,18.2874671340929
2000-2005,7499,2.45251396648045,0.603351955307263,0.495143412181465,0.779878991996015,0.644759234109619,0.242115427415186
2000-2005,8011,0.16,1,1,1,,
2000-2005,8021,0.333333333333333,1,1,0.169378641802168,,0.0679726649334991
2000-2005,8022,13.2857142857143,0.785714285714286,0.268447409319361,0.840211177407766,0.100078833356675,0.169621290953237
2000-2005,8090,25.2857142857143,0.571428571428571,0.340276816608997,0.887168175718406,0.386840448966747,0.266533823001263
2000-2005,8511,5.55555555555556,0.333333333333333,0.357210618003691,0.844573058045029,1.11143907478466,0.652066917682557
2000-2005,8513,11.5,0.6,0.886955784270371,0.762790046127215,5.2307307575514,0.167774331925445
2000-2005,8514,2,0.5,0.881927710843373,1,7.46938775510204,
2000-2005,8519,3.6,0.8,0.999701912509684,1,838.429945054945,
2000-2005,9011,3.3,0.5,0.475127485715456,0.395654045923011,0.905224550314097,0.08927473424795
2000-2005,9012,0.391304347826087,0.739130434782609,0.34742041712404,0.641516740799752,0.187898876960372,1.39185708749584
2000-2005,9013,1,0.75,0.448328010321707,1,0.270890443784146,
2000-2005,9014,7.75,1,1,1,,
2000-2005,9019,2,0.75,0.97197991012424,1,11.562893081761,
2000-2005,9020,2,,,1,,
2000-2005,9033,0.333333333333333,0.5,0.0708323396136418,0.450708805569273,0.0762320328542095,2.05132000175416
2000-2005,9041,1.09090909090909,0.409090909090909,0.0235157655525045,0.88979838303868,0.0347852179389175,1.00928462709285
2000-2005,9049,4.31578947368421,0.68421052631579,0.616534440918425,0.3868730151088,0.742059751150771,0.0884915893839474
2000-2005,9200,2.15625,0.489583333333333,0.303905821986451,0.504995512756149,0.455165399498579,0.241492761549905
2000-2005,9301,0.531914893617021,0.691489361702128,0.354156286912273,0.829658726892035,0.24465390982913,0.389645427325734
2005-2010,111,5.26086956521739,0.521739130434783,0.365126366521688,0.332456005507248,0.52719021811918,0.0411593889858321
2005-2010,112,3,0.5,0.530049854818386,0.422297940696702,1.12788528794591,0.121832679982131
2005-2010,113,0.709183673469388,0.36734693877551,0.100757386657876,0.19626286884085,0.192969736732451,0.20553944139486
2005-2010,114,2.75,0.5,0.978300180831826,0.934518241347053,45.0833333333333,1.2974025974026
2005-2010,115,1.57692307692308,0.384615384615385,0.118531712926428,0.343240472419452,0.215153220443035,0.101976062627849
2005-2010,116,3.56666666666667,0.616666666666667,0.129048550595767,0.38742182548339,0.0921054432415655,0.0886604732612535
2005-2010,117,2.6969696969697,0.666666666666667,0.597134713471347,0.492753472449228,0.741109663005027,0.0982342906762568
2005-2010,121,2.35714285714286,0.547619047619048,0.0842931565905057,0.520307312480557,0.0760434168256204,0.186256122820931
2005-2010,122,3.1304347826087,0.565217391304348,0.251729133563885,0.870040827764437,0.25878034777888,0.743858255034986
2005-2010,123,1.70833333333333,0.583333333333333,0.175524310869675,0.514399365162275,0.152065742406912,0.155020299556573
2005-2010,130,30.1666666666667,0.583333333333333,0.288076523802462,0.869774028083101,0.289032392459119,0.0369003302481882
2005-2010,140,18.9931271477663,0.40893470790378,0.172323683962352,0.545946265321688,0.300930306833347,0.0585201543162166
2005-2010,200,1.08116883116883,0.444805194805195,0.398141526773432,0.195818640011501,0.825693073937859,0.127234545373201
2005-2010,500,0.549742078113486,0.490051584377303,0.388030959955645,0.416934773658403,0.659813771634234,0.665229683772527
2005-2010,1010,0.851851851851852,0.259259259259259,0.0871456397366627,0.753074912200724,0.272757137330125,2.18790807507769
2005-2010,1020,3.25,,,0.893027047926438,,2.56866383400523
2005-2010,1030,1.0625,0.375,0.0960830376035054,0.893899139276797,0.177160516582495,2.47793947909512
2005-2010,1110,0.6,0.1,0,0.0380978101362482,0,0.0462078635721289
2005-2010,1310,2.25,0.444444444444444,0.0465054422455412,0.592986365067448,0.0609671049867664,0.449666712211835
2005-2010,1320,1.43137254901961,0.529411764705882,0.172298441177139,0.475777882605398,0.185035497762077,0.310817925498928
2005-2010,1410,1.46778989098117,0.4400396432111,0.194686176877358,0.413672332046275,0.307634785082427,0.261060752905306
2005-2010,1421,1.83333333333333,0.5,0.134098434023015,0.0191584089825566,0.154865679070246,0.00355138599304728
2005-2010,1422,0.290322580645161,0.274193548387097,0.128493796780478,0.175150090578354,0.39027907923093,0.519057662452067
2005-2010,1429,2.05714285714286,0.4,0.288640261880472,0.442699367607031,0.608637753333123,0.198590913896034
2005-2010,1511,1.82828282828283,0.414141414141414,0.110834661222458,0.235904214019154,0.176334467309577,0.0904034884296256
2005-2010,1512,0.852691218130312,0.322946175637394,0.0895848047169314,0.31947167794091,0.206294620553901,0.368071054898928
2005-2010,1513,1.29081632653061,0.38265306122449,0.210383400659132,0.233349692391049,0.429852352833931,0.197302798541826
2005-2010,1514,1.1025641025641,0.41025641025641,0.0214501880182376,0.106634257897281,0.0315105525530378,0.063844991983332
2005-2010,1520,2,0.341463414634146,0.0561511315421906,0.106510463354805,0.114733906659407,0.0363436849683148
2005-2010,1531,0.291293734743694,0.446704637917006,0.285230345272245,0.329012476568523,0.494272205607222,0.914937352810794
2005-2010,1532,0.747368421052632,0.389473684210526,0.0956144238971349,0.129659003156665,0.16572806317707,0.140581991458784
2005-2010,1533,0.968944099378882,0.450310559006211,0.0893697575083067,0.258465362859841,0.119799160389352,0.184331798145043
2005-2010,1541,1.56488549618321,0.465648854961832,0.334034979758865,0.389529174123892,0.575584028561576,0.22721870227835
2005-2010,1542,0.468085106382979,0.212765957446809,0.0138885699121738,0.10632292368798,0.0521114623633014,0.200089977624176
2005-2010,1543,1.38636363636364,0.454545454545455,0.260709724252843,0.409115191334707,0.423178390635845,0.192957590698658
2005-2010,1544,0.96551724137931,0.362068965517241,0.178465113028557,0.0447003063937839,0.382745197392713,0.0376006496252892
2005-2010,1549,0.804066543438078,0.38724584103512,0.115429524716611,0.150917461716791,0.206482843955456,0.120128943088585
2005-2010,1551,1.73770491803279,0.60655737704918,0.0505737912231591,0.240624765549957,0.0345520494701781,0.0747339673140143
2005-2010,1552,0.478260869565217,0.434782608695652,0.0115429149570007,0.0122264392019401,0.015181022698065,0.00900201841406345
2005-2010,1553,0.353260869565217,0.456521739130435,0.168172723377259,0.337900215856124,0.240681724072587,0.722336388730753
2005-2010,1554,1.58792650918635,0.465879265091864,0.0911165164396113,0.19943017136642,0.114935701870137,0.0846151435045025
2005-2010,1600,0.142857142857143,0.107142857142857,0.00104221107246114,0.00629514304741747,0.00869415341346268,0.0380101375375558
2005-2010,1711,1.05097087378641,0.388349514563107,0.124858645737395,0.420363747233532,0.224709261056572,0.319900696415206
2005-2010,1712,1.72,0.32,0.0888626084830705,0.414288657614043,0.207249800946201,0.299379694912212
2005-2010,1721,2.36752136752137,0.384615384615385,0.0664356274110446,0.331365215244212,0.113861461489677,0.135972716361513
2005-2010,1722,1.63636363636364,0.386363636363636,0.214315601064633,0.375432340607879,0.433231972216989,0.233764050373746
2005-2010,1723,1.60526315789474,0.342105263157895,0.0802316802208944,0.413800182622802,0.167750605684641,0.381881925843964
2005-2010,1729,1.19745222929936,0.407643312101911,0.119762722612461,0.3158487910827,0.197708289306649,0.252933582716173
2005-2010,1730,1.44378698224852,0.473372781065089,0.163595765832684,0.376397533735562,0.217598479364529,0.304266563998001
2005-2010,1810,1.69667979741137,0.45526167698368,0.13486753500183,0.431405666893406,0.186531269476449,0.231265853409843
2005-2010,1820,2.09090909090909,0.272727272727273,0.352548803243424,0.529391911489398,1.45204788668562,0.293454874982948
2005-2010,1911,1.19230769230769,0.423076923076923,0.0344147225291196,0.281182804516659,0.0486017839957988,0.23975198285801
2005-2010,1912,1.79891304347826,0.456521739130435,0.0887645269896881,0.552584659938046,0.115965696101593,0.30969775193757
2005-2010,1920,1.08121827411168,0.360406091370558,0.0822139033745324,0.230105035666035,0.158970298709818,0.164172685459632
2005-2010,2010,1.78899082568807,0.411009174311927,0.257216856831701,0.540185184210966,0.496243009209789,0.361473402343185
2005-2010,2021,1.74331550802139,0.401069518716578,0.100356496428378,0.405587521059247,0.166583430812396,0.257444831567216
2005-2010,2022,1.93333333333333,0.461538461538462,0.178648436511659,0.615615665316969,0.253756351354686,0.437562260338645
2005-2010,2023,1.86111111111111,0.388888888888889,0.416372141372141,0.629753695882313,1.12108952584507,0.482346122014996
2005-2010,2029,1.26544021024967,0.459921156373193,0.194192092406224,0.530792984352068,0.28299176241745,0.397055384648534
2005-2010,2101,0.811764705882353,0.305882352941177,0.237050529640233,0.353763772288706,0.705056332850473,0.364947839112016
2005-2010,2102,1.19621749408983,0.411347517730496,0.236755117980518,0.363598241831259,0.443900438484772,0.277763383654198
2005-2010,2109,1.54237288135593,0.39406779661017,0.302053392080027,0.318941517642367,0.665448737234211,0.23286479791224
2005-2010,2211,0.541666666666667,0.354166666666667,0.068581196348898,0.159202318932972,0.134268095239219,0.1820641948321
2005-2010,2212,0.675,0.225,0.00654515625690741,0.044498016773481,0.0226929560504066,0.0534696070250077
2005-2010,2213,11.625,0.25,0.0113118883829086,0.929060510423606,0.0343239336550947,0.704114028815086
2005-2010,2219,0.692307692307692,0.423076923076923,0.76078182969867,0.691839557399723,4.33675153716007,1.12253141831239
2005-2010,2221,2.05440158259149,0.402571711177052,0.118663094706422,0.508584320395701,0.199809550868466,0.296479334128035
2005-2010,2222,2.90116279069767,0.5,0.377510011390419,0.628791798869352,0.606451538656294,0.353038524895667
2005-2010,2230,1,0.25,0.0120595144870791,0.0462468163565056,0.0366201648700063,0.0242446458631127
2005-2010,2310,3.75,0.25,0.0121334681496461,0.940893950585263,0.0368474923234391,4.24499786356635
2005-2010,2320,2.27272727272727,0.363636363636364,0.266766452384233,0.936698672800481,0.636688396473975,7.69467768536693
2005-2010,2411,1.25641025641026,0.217948717948718,0.187897283177656,0.390895671554002,0.830214761261997,0.399459666468658
2005-2010,2412,1.44525547445255,0.306569343065693,0.0478292663039329,0.236476452518616,0.113619586679934,0.148601735417978
2005-2010,2413,3.11111111111111,0.37037037037037,0.0126379107618046,0.584043746783949,0.0217594421836109,0.651903093301609
2005-2010,2421,0.930232558139535,0.186046511627907,0.0134347062831226,0.265912632937274,0.0595772427461138,0.353179783152008
2005-2010,2422,1.1625,0.395833333333333,0.0782991955000182,0.514874699049903,0.129661705632988,0.551583701488221
2005-2010,2423,0.671296296296296,0.277777777777778,0.0397913574987979,0.186859492665526,0.107744843065964,0.253572147925749
2005-2010,2424,1.45180722891566,0.391566265060241,0.149497006574623,0.133506532628492,0.273127020684464,0.057539050474644
2005-2010,2429,1.09895833333333,0.401041666666667,0.115842394415557,0.38557908284137,0.195679330461238,0.350951437567323
2005-2010,2430,3.25,0.25,0.498175219073974,0.877739175939587,2.97818225410082,3.31349303432649
2005-2010,2511,1.36842105263158,0.289473684210526,0.131946403293548,0.434546965314913,0.373097289933033,0.384246735502023
2005-2010,2519,0.961538461538461,0.379120879120879,0.199058658042785,0.42436588255993,0.407014342772643,0.446541422144009
2005-2010,2520,1.39262820512821,0.337339743589744,0.179910762070662,0.37716922529216,0.430942616525029,0.285364743847152
2005-2010,2610,1.23076923076923,0.373626373626374,0.0780675771516561,0.635629196162265,0.141960510061235,0.576293827466649
2005-2010,2691,0.384615384615385,0.349358974358974,0.117695626547876,0.172777443683914,0.248434229542481,0.33418323495114
2005-2010,2692,1.78688524590164,0.311475409836066,0.0528190400102168,0.304883731242986,0.123268818577794,0.249483592608005
2005-2010,2693,0.887323943661972,0.363380281690141,0.183038306074792,0.391833818572934,0.392517499185969,0.451001192400152
2005-2010,2694,0.730496453900709,0.262411347517731,0.0428172220327206,0.294388236748473,0.125734722091471,0.421260515272014
2005-2010,2695,1.83982683982684,0.333333333333333,0.249071486501511,0.604200154698842,0.663369367454476,0.653713825371799
2005-2010,2696,1.65079365079365,0.222222222222222,0.194853062727514,0.596622775165499,0.847032619730994,0.715831503076791
2005-2010,2699,1.14166666666667,0.466666666666667,0.257486308788309,0.372514066479091,0.39631601500361,0.303330551710339
2005-2010,2710,1.34117647058824,0.337254901960784,0.206017018818089,0.488056727827286,0.509894301313863,0.524059028104448
2005-2010,2720,1.46511627906977,0.372093023255814,0.083357185343536,0.581180596744829,0.153456993299986,0.594713130931934
2005-2010,2731,1.96078431372549,0.235294117647059,0.0287054176688116,0.51920026417639,0.0960497557802984,0.691115540035979
2005-2010,2732,0.716417910447761,0.388059701492537,0.0816556262979709,0.542384728840714,0.140213894871268,0.419773122906896
2005-2010,2811,1.68962432915921,0.376565295169946,0.232748519098511,0.45662906977924,0.502226787663895,0.228664273963379
2005-2010,2812,1.5625,0.302083333333333,0.385457493599132,0.528720390080504,1.44911005718162,0.403877732926946
2005-2010,2813,2.4,0.15,0.086253703240709,0.262235991824792,0.534908854639595,0.170318346639745
2005-2010,2891,1.69642857142857,0.375,0.112163339509177,0.289300554583911,0.210555508125352,0.132831592135201
2005-2010,2892,7.42608695652174,0.365217391304348,0.0679284220148008,0.5347921135435,0.12667060086787,0.228838438876892
2005-2010,2893,2.65789473684211,0.355263157894737,0.271430503315286,0.268537509387691,0.676114084999075,0.116316546897584
2005-2010,2899,1.66606334841629,0.426244343891403,0.248836253148359,0.477294428982526,0.445910177166434,0.323387362007328
2005-2010,2911,0.782608695652174,0.260869565217391,0.0451183507996909,0.345276821592242,0.133875572300347,0.175787688079071
2005-2010,2912,0.727272727272727,0.309090909090909,0.0370452388484657,0.315439445599496,0.0859926216946912,0.380152699343719
2005-2010,2913,1.13513513513514,0.216216216216216,0.0173340075814896,0.459737189166545,0.063944186496421,0.547039940500154
2005-2010,2914,0.833333333333333,0.5,0.813810380892154,0.412953462609837,4.37086871325931,0.281376985508308
2005-2010,2915,1.83333333333333,0.333333333333333,0.129338961023285,0.366144434543697,0.297105199918665,0.241561254170596
2005-2010,2919,1.34375,0.359375,0.112741978884721,0.493570828048634,0.226512273929417,0.475972222177757
2005-2010,2921,0.86046511627907,0.372093023255814,0.299524240846182,0.246123103035717,0.721576942274943,0.176473792591557
2005-2010,2922,1.54,0.4,0.117847974823583,0.499915194079919,0.200387186324287,0.311582597562474
2005-2010,2923,1.5,,,1,,
2005-2010,2924,2.5,0.409090909090909,0.482764800240614,0.19378324114391,1.34818151201867,0.0961444867104285
2005-2010,2925,1.18918918918919,0.324324324324324,0.446283000065347,0.193857846157201,1.67911812396199,0.0929111844875989
2005-2010,2926,1.05555555555556,0.388888888888889,0.440234899328859,0.953269194454595,1.23587143627909,9.66276015412449
2005-2010,2927,0.0769230769230769,0.230769230769231,0.534405487736354,0.0549745483593615,3.82597212567476,0.290862792446073
2005-2010,2929,1.45323741007194,0.366906474820144,0.0976701442260523,0.328281253495713,0.186770808073361,0.232262169186731
2005-2010,2930,1.36507936507937,0.373015873015873,0.275838028824469,0.212153108909273,0.640247158300358,0.120550732331557
2005-2010,3000,2.28,0.36,0.00903041672768833,0.159467946852885,0.0162003702773039,0.0399416050961395
2005-2010,3110,2.27272727272727,0.254545454545455,0.0216568886601994,0.462334960673034,0.0648277119007424,0.295803548377647
2005-2010,3120,0.745762711864407,0.322033898305085,0.348435105891582,0.393240908704207,1.12582430082342,0.574452771793877
2005-2010,3130,1.0353982300885,0.353982300884956,0.0612177949137289,0.247197688112021,0.119007875428666,0.196460678163541
2005-2010,3140,0.653846153846154,0.384615384615385,0.0180702750772962,0.202262334721008,0.0294445105284391,0.238630515533047
2005-2010,3150,2.05263157894737,0.421052631578947,0.137722516061763,0.259709778734001,0.219614292512928,0.139429086078577
2005-2010,3190,0.935251798561151,0.381294964028777,0.0760468081476269,0.196895025478603,0.133552985853007,0.0980668937312661
2005-2010,3210,2.77215189873418,0.278481012658228,0.0730438523828919,0.738930832987342,0.20416282006474,0.672059050192544
2005-2010,3220,1.60526315789474,0.289473684210526,0.337003836449346,0.916880518754157,1.24765614101162,2.53167598394618
2005-2010,3230,0.696969696969697,0.444444444444444,0.165603447845143,0.267182946802955,0.248088644747911,0.253632740893643
2005-2010,3311,1.51923076923077,0.307692307692308,0.0834699251995319,0.487026063348567,0.20491125917481,0.348520083932746
2005-2010,3312,1.45,0.3,0.0730450023197072,0.785330575509947,0.183869054239425,1.13534231823547
2005-2010,3313,1,,,1,,
2005-2010,3320,3.4,0.4,0.00160881606161828,0.134847159904014,0.00241711278229432,0.0366741482387164
2005-2010,3330,1.15384615384615,0.461538461538462,0.0191346816985461,0.13113138618389,0.0227592870279358,0.0704302651894002
2005-2010,3410,0.625,0.175,0.00889896793979227,0.134755989176934,0.0423289615017783,0.199351470786137
2005-2010,3420,0.956521739130435,0.217391304347826,0.0171424383451207,0.63885830635452,0.0627891369513668,1.60817842061249
2005-2010,3430,0.949275362318841,0.304347826086957,0.0568589188718344,0.234904622161787,0.137798305827334,0.201559438428918
2005-2010,3511,1.3003663003663,0.366300366300366,0.255304612574302,0.331226885469315,0.593097509681582,0.24973042325745
2005-2010,3512,1.25925925925926,0.37037037037037,0.06426117474928,0.35389437654631,0.116746248125918,0.225537758196675
2005-2010,3520,1,0.428571428571429,0.252259066933802,0.534054638265447,0.449815447710185,0.491217593420347
2005-2010,3530,1,,,0.466371973890771,,0.582643028567005
2005-2010,3591,0.616766467065868,0.419161676646707,0.183325727511851,0.127819377764343,0.311062914689557,0.149397159381584
2005-2010,3592,0.591836734693878,0.387755102040816,0.0128209337739647,0.0743982687621784,0.0205064920192168,0.094236596082364
2005-2010,3599,0.545454545454545,0.327272727272727,0.1092482921945,0.269328158166631,0.252108339492958,0.135154596551364
2005-2010,3610,1.35798816568047,0.409763313609467,0.160313090647692,0.321355340802986,0.275007622097094,0.212261019009901
2005-2010,3691,1.03636363636364,0.454545454545455,0.0253908638983773,0.100853761155482,0.0312628268599318,0.0550991555344859
2005-2010,3692,1.75,0.25,0.0432742131288307,0.65284445684488,0.135694721693515,0.940276584541197
2005-2010,3693,0.888888888888889,0.25,0.0198224241172827,0.418358211569863,0.0606698967769117,0.674316789385665
2005-2010,3694,1.88888888888889,0.388888888888889,0.0308964138902137,0.401755028647447,0.0500993993187682,0.237019781617592
2005-2010,3699,2.09364548494983,0.40133779264214,0.140281617773551,0.477587573504195,0.243397625902762,0.25556609369289
2005-2010,3710,1.61904761904762,0.333333333333333,0.140092307692308,0.874465524340418,0.325831037320643,0.819522258253623
2005-2010,3720,3.58823529411765,0.352941176470588,0.126482078577887,0.799308750397604,0.26545970613701,0.652914472535589
2005-2010,4010,19.3870967741935,0.67741935483871,0.94252383861039,0.983446441282993,7.80881785904875,52.5891921903501
2005-2010,4020,4.33333333333333,0.333333333333333,0.0271908428353121,0.0170571707139424,0.0559017000098179,0.005339435889152
2005-2010,4100,0.96195652173913,0.173913043478261,0.0164415629276329,0.241459268716697,0.0794029322128727,0.294941277267716
2005-2010,4510,2.44578313253012,0.523427041499331,0.488214692444206,0.549645594212162,0.86855289403143,0.289252875069295
2005-2010,4520,2.07877684746997,0.43771386967601,0.295618125867237,0.482499497897728,0.539125595121481,0.242920470716535
2005-2010,4530,4.61538461538462,0.473244147157191,0.22977715201991,0.705010671062518,0.332058470441735,0.414778098180389
2005-2010,4540,5.84153005464481,0.573770491803279,0.550669018355501,0.771610745546424,0.910394409346921,0.268635757870982
2005-2010,4550,1.60526315789474,0.473684210526316,0.233478624576234,0.746777720395135,0.338438955900185,0.483458948813618
2005-2010,5010,3.04654895666132,0.553772070626003,0.318331753594256,0.689850938190622,0.376298596418463,0.38086576809212
2005-2010,5020,2.85294117647059,0.460084033613445,0.117955919784072,0.703647172930293,0.156934511677684,0.402136911971833
2005-2010,5030,2.69213483146067,0.474157303370787,0.290749577764325,0.616883601560267,0.454624557972525,0.392462817812415
2005-2010,5040,1.25745118191161,0.508221993833505,0.311889421327741,0.459297349336338,0.438589324238694,0.305133820093507
2005-2010,5050,0.60119940029985,0.340892053973013,0.18589392162875,0.258409980288667,0.441493039882908,0.34791086008903
2005-2010,5110,0.403640680648991,0.699248120300752,0.368869253360038,0.70833477849109,0.251379675526883,0.247620779735078
2005-2010,5121,2.26083401471791,0.549468520032706,0.30540383967322,0.555378938512979,0.360515914188542,0.235365043962709
2005-2010,5122,2.11430651619949,0.490353112486349,0.289748328843475,0.470363634028729,0.424003181674447,0.224927214539184
2005-2010,5131,2.8900293255132,0.541055718475073,0.323819499231264,0.643218059187043,0.406217216086929,0.295441339516535
2005-2010,5139,2.47758933979406,0.48122350090854,0.257905283468888,0.465093474767675,0.374657443547655,0.193325284080401
2005-2010,5141,2.05321507760532,0.33370288248337,0.307768360093836,0.549268044734746,0.887729191379944,0.598778770690307
2005-2010,5142,2.25955967555041,0.450753186558517,0.269394102536935,0.522378969843671,0.449297136712811,0.280438500702326
2005-2010,5143,2.32143690226265,0.479822719850712,0.299243639802847,0.582202995189355,0.462943991427047,0.290267256346509
2005-2010,5149,2.03869184707508,0.452326116996776,0.270838855222819,0.472843643173762,0.449736171152449,0.226167861650283
2005-2010,5150,2.7519042437432,0.553645266594124,0.545806707820786,0.665229694060088,0.968828054247645,0.355466325145331
2005-2010,5190,2.56125,0.5375,0.233965312959147,0.391481913297362,0.262806624329695,0.107379742641857
2005-2010,5211,2.94285714285714,0.5,0.265934593548451,0.611806459589385,0.362276428246321,0.260122219107863
2005-2010,5219,2.94927536231884,0.471014492753623,0.134984438953287,0.54780159989118,0.175254544761578,0.285740038331906
2005-2010,5220,2.49901768172888,0.550098231827112,0.350961100443492,0.67194694074985,0.442247826838802,0.331719496837215
2005-2010,5231,2.14150943396226,0.515094339622642,0.18474401629469,0.443374643785216,0.213327508949715,0.152991921284511
2005-2010,5232,3.78241758241758,0.483516483516484,0.111980024765617,0.806733706667548,0.134698576372238,0.506920087635128
2005-2010,5233,2.17553455992044,0.542516161113874,0.351372718576651,0.56795523982961,0.456810317495811,0.279441085334756
2005-2010,5234,3.1494124230554,0.457190822607722,0.320909161990952,0.66941936237038,0.561053043975372,0.373837028159059
2005-2010,5239,1.22162619988707,0.511293054771316,0.338170884897785,0.512162448910121,0.488392473840036,0.392455030840918
2005-2010,5259,1,,,1,,
2005-2010,5260,3.6271186440678,0.516949152542373,0.583929756207739,0.837127642098346,1.31141144682115,0.600441269174196
2005-2010,5510,1.22668352829592,0.425545368321214,0.118831947611702,0.276134265369403,0.182047340817602,0.185918276852427
2005-2010,5520,2.4039190897598,0.59039190897598,0.385618487055146,0.595409190109342,0.435459567546411,0.249980258331528
2005-2010,6010,5.25,0.75,0.862063163940511,0.847072251707466,2.08323168914967,1.31881801508226
2005-2010,6020,2.2575526396094,0.449496490692707,0.274567607200091,0.564111374512942,0.463538852193734,0.307884383599831
2005-2010,6110,1.69604863221885,0.465045592705167,0.288837613642826,0.458513732777847,0.467203628088656,0.289843836158068
2005-2010,6120,1.29107981220657,0.502347417840376,0.271173570170299,0.458451903506301,0.368591514719865,0.252428220173819
2005-2010,6200,2.16666666666667,0.833333333333333,0.92549977532594,0.947483374912115,2.48455566241585,4.16344365673155
2005-2010,6301,1.10810810810811,0.504504504504505,0.155979914386938,0.222081026975112,0.181505821228901,0.127654071568694
2005-2010,6302,0.893939393939394,0.651515151515152,0.277795466489694,0.431185871842517,0.205742647517508,0.308356691757199
2005-2010,6304,2.67654986522911,0.571428571428571,0.214863095963647,0.41865782641525,0.205247417544996,0.104796308060563
2005-2010,6309,2.26212832550861,0.528169014084507,0.341558065345928,0.631568087510246,0.463404878977927,0.388972308767055
2005-2010,6410,3.03092783505155,0.690721649484536,0.924553010149664,0.95636801925538,5.48701758134704,1.5656406197834
2005-2010,6420,3.40769230769231,0.742307692307692,0.958279165900438,0.854493802345059,7.97363877978374,0.47060013996716
2005-2010,6511,1.83333333333333,1,1,1,,
2005-2010,6519,0.43847072879331,0.189964157706093,0.867360674782935,0.724324678669349,27.8843158587223,5.43389327805467
2005-2010,6591,2.625,,,0.173964787391425,,0.110315409140201
2005-2010,6592,0.655263157894737,0.553947368421053,0.751700826576625,0.524937171701919,2.43773984726105,0.54361698630734
2005-2010,6599,0.805970149253731,0.0597014925373134,0.00821873484052222,0.158030526199575,0.13051776463776,0.229400740669102
2005-2010,6601,4.4,0.533333333333333,0.672149866118738,0.40382252387873,1.79390237207254,0.0821033780595506
2005-2010,6603,2.3,0.4,0.823579045751115,0.532709727255777,7.00239137627543,0.297390643550493
2005-2010,6711,2.8,0.266666666666667,0.0814553456812764,0.311668063646573,0.243866424533982,0.0754645753466213
2005-2010,6719,20.8888888888889,0.555555555555556,0.0346577781144654,0.841769567741696,0.0287216511025661,0.311270556525362
2005-2010,6720,2.58333333333333,0.625,0.409988416175232,0.550084804288636,0.416929186560171,0.177480157902046
2005-2010,7010,7.32,0.64,0.801027087942592,0.847119778282567,2.26451798040583,0.393627815755495
2005-2010,7110,3.43579766536965,0.38651102464332,0.18301308069223,0.528460008369317,0.355559187539923,0.296571665098094
2005-2010,7120,3.77608695652174,0.65,0.269637040902629,0.837926284234431,0.198790442563079,0.4821791429898
2005-2010,7211,7.47422680412371,0.670103092783505,0.456877887367506,0.785723669499647,0.414132463335197,0.298407435838478
2005-2010,7212,2,0.4,0.859404230824579,0.973818316100443,9.16888433981576,7.43892806770099
2005-2010,7221,3.99166666666667,0.575,0.374782909286277,0.836005858634306,0.443067630114892,0.798190836463274
2005-2010,7229,10,1,1,1,,
2005-2010,7230,2.75,0.535714285714286,0.414178894698375,0.661874229114294,0.612738323736404,0.305061723751855
2005-2010,7310,28.5,0.5,0.00849231114183748,0.230476978259181,0.00856504819606328,0.0210179846200618
2005-2010,7320,2.75936435868331,0.617480136208854,0.318661316564639,0.592898152199122,0.289732557706288,0.181524267481946
2005-2010,7330,5.3,0.3,0.019014305574241,0.80539088121329,0.0452266666666667,0.312340027173539
2005-2010,7350,4.61111111111111,0.583333333333333,0.1596517939322,0.97585312442973,0.135702075452109,1.94762531909013
2005-2010,7390,2.77777777777778,0.703703703703704,0.64771170183612,0.98708706136534,0.774140719359659,5.09611374705915
2005-2010,7411,9.53472222222222,0.548611111111111,0.406255303673173,0.805212841594282,0.562970406242844,0.18967949407141
2005-2010,7412,2.39072847682119,0.52317880794702,0.334155318118204,0.451980225930025,0.457383872442649,0.20333213010146
2005-2010,7413,2.71631205673759,0.588652482269504,0.127529679184118,0.805582040636913,0.10214344612853,0.302923281374718
2005-2010,7414,4.1787072243346,0.629277566539924,0.457859017940312,0.900636860321306,0.497537880639204,0.626816342978246
2005-2010,7421,3.42300805729633,0.444046553267681,0.242453436645553,0.642632680830399,0.400708851315193,0.307114315139813
2005-2010,7422,2.60344827586207,0.53448275862069,0.589076102905214,0.414086726952554,1.24856764671723,0.201256298907491
2005-2010,7430,3.57884615384615,0.588461538461539,0.453223765644813,0.666644228760269,0.57968944396739,0.254317863411928
2005-2010,7491,2.57182320441989,0.737569060773481,0.5358826374335,0.70361134964433,0.410822493724368,0.275388209014059
2005-2010,7492,3.38341968911917,0.512953367875648,0.314456230963605,0.729304175021228,0.435529599454807,0.325942544965704
2005-2010,7493,4.49593495934959,0.495934959349594,0.295423670227731,0.618132507216785,0.426166291042054,0.266369904322888
2005-2010,7494,0.732851985559567,0.404332129963899,0.280400489641315,0.412953496188067,0.574055430992386,0.578694126705816
2005-2010,7495,4.375,0.375,0.113208743481224,0.31257497533671,0.212768492865016,0.0909408194704035
2005-2010,7499,4.94456289978678,0.571428571428571,0.303846391123642,0.849591133463015,0.32734843350242,0.584584136437746
2005-2010,8011,15.875,0.5,0.332590942835932,0.820545522361123,0.49833147942158,0.144013979479518
2005-2010,8012,10.75,0.25,0.202414772727273,0.973279900816467,0.761353517364203,2.54127982189597
2005-2010,8021,11.5,,,0.601164294576469,,0.0983020489501106
2005-2010,8022,3.27604166666667,0.619791666666667,0.435937646434038,0.535128016955766,0.474103497027349,0.153727992929509
2005-2010,8030,13,1,1,0.989034141631183,,3.46892814029911
2005-2010,8090,3.83060109289618,0.617486338797814,0.550691413058568,0.704239857256309,0.759247171077483,0.24456563486917
2005-2010,8511,1.82142857142857,0.446428571428571,0.0961170836396876,0.480030056504651,0.131859095415962,0.199118998771791
2005-2010,8513,4.33057851239669,0.471074380165289,0.422094035480934,0.483230549057143,0.820081767966877,0.133840492499841
2005-2010,8514,1,0.75,0.98309705561614,0.235761589403974,19.3870967741935,0.154246100519931
2005-2010,8519,4,0.611111111111111,0.072582273369675,0.893240716732399,0.0498035761995705,0.581032425753121
2005-2010,8520,7,1,1,1,,
2005-2010,8531,5,0.75,0.184271754304328,0.135047437660918,0.0752994865944096,0.0156132767900832
2005-2010,8532,5.5,0.5,1,0.119331964918828,Inf,0.0246366622042011
2005-2010,9011,1.97333333333333,0.68,0.313928962671884,0.680598319001408,0.215329417091866,0.273555568797511
2005-2010,9012,0.4375,0.4375,0.0711566974263648,0.808005637581151,0.0984958196413043,3.60727394314287
2005-2010,9013,18.25,0.5,0.623140495867769,0.956293675428016,1.65350877192982,2.39780644843785
2005-2010,9014,3.12903225806452,0.629032258064516,0.337744187320164,0.87840473507859,0.300763640924838,0.5213199088741
2005-2010,9019,11.625,0.875,0.980897009966777,0.946080802775436,7.33540372670808,1.8866957190464
2005-2010,9020,3,0.5,0,1,0,
2005-2010,9033,1.57142857142857,0.142857142857143,6.02213737699784e-06,0.0516493209414444,3.6133041860129e-05,0.0643644887013284
2005-2010,9041,3.92592592592593,0.518518518518519,0.361249958066356,0.346338741180691,0.525160653794356,0.084975041283365
2005-2010,9049,2.01069518716578,0.524064171122995,0.349186606966132,0.307610536201358,0.487264786769724,0.121702678347805
2005-2010,9199,2.77777777777778,0.444444444444444,0.160579981752275,0.627965099915564,0.239123410005582,0.135033589541851
2005-2010,9200,1.92578125,0.31640625,0.0853790572973949,0.260984980575694,0.201680190828281,0.118195046238036
2005-2010,9301,2.12962962962963,0.685185185185185,0.259891909304032,0.427327235129986,0.161341022572026,0.0908414878567386
2005-2010,9302,2.6,0.71,0.844647615322561,0.750065374126788,2.22073780210769,0.311647111576115
2005-2010,9303,2.6,0.8,0.0938735177865613,0.370024364359277,0.0258996728462377,0.0903635348185246
2005-2010,9309,5.59322033898305,0.581920903954802,0.429496467021822,0.930285567809782,0.540873560706971,1.13223787995145
2010-2015,,212.142857142857,0.714285714285714,0.209924072291734,0.392140713231747,0.106280454791554,0.388373816998418
2010-2015,111,0.557251908396947,0.351145038167939,0.094973299202652,0.558467265588601,0.193910455543879,1.31681737234821
2010-2015,112,0.714285714285714,0.380952380952381,0.0158442977916518,0.720326162192559,0.0261614944196945,0.858531218412254
2010-2015,113,0.62109375,0.33984375,0.193170097085297,0.269593282210211,0.465077537529886,0.315708366600713
2010-2015,115,1.79591836734694,0.469387755102041,0.499731796266731,0.376391566520054,1.129222685471,0.157751344017785
2010-2015,116,1.65983606557377,0.504098360655738,0.300141190777597,0.299934824047098,0.421886303810572,0.123771101655083
2010-2015,117,0.683673469387755,0.571428571428571,0.339883984238023,0.208055475056924,0.386163919813805,0.0745011860062637
2010-2015,121,1.52155172413793,0.581896551724138,0.108651094789589,0.454579793591548,0.0875839115382122,0.229021330088037
2010-2015,122,1.55,0.525,0.19068550945188,0.289182659588606,0.213174219363517,0.141078555440104
2010-2015,123,1.63829787234043,0.680851063829787,0.141773728566693,0.502027976584856,0.0774346317255586,0.235670246144908
2010-2015,130,0.156593406593407,0.123626373626374,0.22198374032044,0.111083700890218,2.02260306348828,0.690597765838657
2010-2015,140,0.275707384403037,0.198757763975155,0.10852297776674,0.0743420308941657,0.490739798347491,0.228473867407488
2010-2015,150,0.75,0.5,0.422435897435897,0.704840940525588,0.731409544950056,0.796001249609497
2010-2015,200,0.826429980276134,0.447731755424063,0.152997014824399,0.200692037743349,0.22280769738527,0.163592966421531
2010-2015,500,0.877777777777778,0.654861111111111,0.455431121896458,0.518381556579153,0.440772593374783,0.384891032410034
2010-2015,1010,0.987341772151899,0.455696202531646,0.776614755148145,0.0983208333621788,4.15257140361023,0.0643067771320519
2010-2015,1020,0.294117647058824,0.470588235294118,0.307697480121707,0.259570005243839,0.500012140931938,0.35056657223796
2010-2015,1030,0.5,0.454545454545455,0.0472514737483935,0.490911481972114,0.0595138873855346,0.61364223457761
2010-2015,1110,1.61538461538462,0.230769230769231,0.0380866072237311,0.999930682967432,0.13198210812516,1373.85416092236
2010-2015,1120,4.625,0.125,1.3978136703195e-06,0.0500727169608054,9.78470936943698e-06,0.0099725704182387
2010-2015,1310,0.613207547169811,0.471698113207547,0.125618393618684,0.261122344478695,0.160905261302547,0.173983524687294
2010-2015,1320,1.13265306122449,0.5,0.0861700381079231,0.423042770526156,0.0942954835158926,0.449186393132206
2010-2015,1410,0.530310497782159,0.480039428289798,0.24425991818059,0.345966721513952,0.350084799028761,0.499477484770195
2010-2015,1421,0.230769230769231,0.461538461538462,0.00706780665073133,0.0200994248489318,0.008304468805709,0.0615350945553834
2010-2015,1422,0.32258064516129,0.241935483870968,0.0678873534651835,0.36574890125671,0.228206009557983,0.893827063242274
2010-2015,1429,0.988888888888889,0.577777777777778,0.103818491796772,0.426758624259383,0.084656242843101,0.409874453104857
2010-2015,1511,0.948717948717949,0.478632478632479,0.11487160507392,0.241308129925611,0.141367059402203,0.146134824046451
2010-2015,1512,0.612662942271881,0.419925512104283,0.242195688787479,0.310342971132204,0.441489969799828,0.386394824773587
2010-2015,1513,1.29496402877698,0.45083932853717,0.262159158852452,0.361692945812897,0.432792750267674,0.331591750533362
2010-2015,1514,0.984848484848485,0.439393939393939,0.44271359605668,0.49492283703025,1.01355690831009,0.587937297485643
2010-2015,1520,1.03738317757009,0.308411214953271,0.0130735070382692,0.101774430690586,0.0297046936374576,0.0796204984092008
2010-2015,1531,0.301169590643275,0.372319688109162,0.178300670422932,0.309290616586085,0.365815874758384,0.901370402877653
2010-2015,1532,1.11594202898551,0.304347826086957,0.256254731631189,0.419093719585495,0.787534557572253,0.449733866893535
2010-2015,1533,0.790356394129979,0.345911949685535,0.0628245355807591,0.204221562151634,0.126759064841092,0.215107304837101
2010-2015,1541,1.14748201438849,0.359712230215827,0.0619379619775892,0.0865125958492145,0.117529084273075,0.0602673554508874
2010-2015,1542,0.322033898305085,0.305084745762712,0.354589697752278,0.21822295974665,1.25141562035227,0.514199883077821
2010-2015,1543,0.673076923076923,0.423076923076923,0.035335810368181,0.0693849508800058,0.0499502277315811,0.0617767657275355
2010-2015,1544,0.673267326732673,0.386138613861386,0.056273971267362,0.266617110953109,0.0947957165193846,0.299389358313185
2010-2015,1549,0.512345679012346,0.404663923182442,0.121031578992679,0.219661206616928,0.202578401740318,0.196707114752312
2010-2015,1551,0.900763358778626,0.473282442748092,0.17244023599357,0.528991122812771,0.231897807557714,0.590104564307548
2010-2015,1552,1.36842105263158,0.526315789473684,0.839761775670689,0.407269668988203,4.71663737704918,0.184990577551316
2010-2015,1553,0.261146496815287,0.382165605095541,0.405208431726201,0.249870859696427,1.10137231185912,0.609336201394761
2010-2015,1554,0.721159777914867,0.462060456508328,0.19915993520827,0.253648897319936,0.289528187411056,0.21397010660085
2010-2015,1600,0.321428571428571,0.178571428571429,0.377626106720898,0.383764034443291,2.79105552092485,1.45309502163195
2010-2015,1711,0.512820512820513,0.336538461538462,0.125882454383528,0.326640605354458,0.283907202707183,0.591204698325035
2010-2015,1712,0.486928104575163,0.382352941176471,0.17186890940667,0.331191880948224,0.335254158758309,0.561666577125481
2010-2015,1721,1.78470254957507,0.424929178470255,0.188212333950837,0.237004755726052,0.313769272351456,0.179964790267847
2010-2015,1722,0.41,0.34,0.145223592788712,0.696212270161897,0.329799253836977,0.950247004593875
2010-2015,1723,0.787234042553192,0.170212765957447,0.0386356468990195,0.105059716652593,0.195918205231119,0.14118886758638
2010-2015,1729,0.611683848797251,0.319587628865979,0.102120532379361,0.210936235139918,0.24214598449671,0.243295514541774
2010-2015,1730,0.779291553133515,0.384196185286104,0.195762156606108,0.456445788415518,0.390151752722057,0.775147289713402
2010-2015,1810,0.8978139298424,0.440010167768175,0.243860094807349,0.263615997174934,0.41044598248872,0.223995345860326
2010-2015,1820,0.241379310344828,0.448275862068966,0.227145923312608,0.695832749488552,0.361729622370751,1.96085564763239
2010-2015,1911,0.46,0.34,0.151771781155613,0.715510751799647,0.347330829054383,2.9524750393906
2010-2015,1912,1.06521739130435,0.386473429951691,0.0898325079013435,0.324267738783554,0.156684464707211,0.289449055327027
2010-2015,1920,0.803030303030303,0.410606060606061,0.125882837586301,0.224347999545333,0.20671747292286,0.223204385277853
2010-2015,2010,0.755294117647059,0.452549019607843,0.206502231395699,0.349576554568492,0.314817342481205,0.372259386097375
2010-2015,2021,0.966592427616927,0.389755011135857,0.174946175046488,0.449207166905731,0.331997400917198,0.469795308186764
2010-2015,2022,0.99375,0.397916666666667,0.153605109927379,0.461256371499023,0.27459783335788,0.500778938816556
2010-2015,2023,1.32558139534884,0.325581395348837,0.249671513809625,0.439048690017877,0.689267056623334,0.439402619641999
2010-2015,2029,0.593389700230592,0.438124519600308,0.257044198289899,0.391492632550793,0.443697875001019,0.460022983359133
2010-2015,2101,0.376086956521739,0.328260869565217,0.154543480686354,0.289460439096785,0.374059719766585,0.513347372851222
2010-2015,2102,0.792553191489362,0.313829787234043,0.169463617599228,0.294951044451751,0.446123920403346,0.435187181405969
2010-2015,2109,0.572477064220184,0.306422018348624,0.115082116857759,0.128853184675855,0.294360951964785,0.173512311299642
2010-2015,2211,0.470588235294118,0.313725490196078,0.0730667091671564,0.260042221866334,0.172432501760235,0.541785541316177
2010-2015,2212,0.327586206896552,0.758620689655172,0.932924468861868,0.450047271515553,4.42545289902333,1.03369023295195
2010-2015,2213,1.78571428571429,0.5,0.0998132596564414,0.286515765425291,0.110880615302495,0.139976757471117
2010-2015,2219,0.740740740740741,0.481481481481482,0.290634262003557,0.0724109256060897,0.441226192542312,0.101482656368526
2010-2015,2221,0.824476047904192,0.401946107784431,0.437978089341805,0.24938637772477,1.15950234481905,0.217775480943849
2010-2015,2222,1.5240464344942,0.371475953565506,0.139411235416701,0.290387558110115,0.274090066080027,0.269844702136107
2010-2015,2230,0.611111111111111,0.555555555555556,0.540723292551446,0.209812344562514,0.941869306728586,0.0965535180127455
2010-2015,2310,0.368421052631579,0.368421052631579,0.133276432711608,0.0450844508280048,0.263606406092393,0.0741918950002694
2010-2015,2320,1.44736842105263,0.368421052631579,0.0507663511091176,0.0750633796230225,0.0916824119904089,0.0590219347078005
2010-2015,2411,0.987421383647799,0.314465408805031,0.106872238921393,0.38770970247344,0.260860193806171,0.483983867279058
2010-2015,2412,1.43686006825939,0.331058020477816,0.383181867844445,0.404004879575319,1.25525556463795,0.426685303558142
2010-2015,2413,1.05691056910569,0.333333333333333,0.0618032395945592,0.289714787843199,0.131748993820552,0.285519602575465
2010-2015,2421,0.734177215189873,0.253164556962025,0.0621291311130047,0.12105228726625,0.195422358091653,0.14484776582864
2010-2015,2422,0.82311320754717,0.245283018867925,0.058329105547992,0.202456289137142,0.190591184217646,0.24221196007273
2010-2015,2423,0.688524590163934,0.272131147540984,0.320917593342526,0.220964103104333,1.26399666940348,0.317404312765592
2010-2015,2424,1.20845921450151,0.323262839879154,0.114762071958158,0.0602174702408922,0.271395478652345,0.0360427289696312
2010-2015,2429,0.720364741641337,0.27355623100304,0.248330126427485,0.23072933450144,0.877319246163326,0.259435352974135
2010-2015,2430,0.631578947368421,0.263157894736842,0.177007093693445,0.932968026456375,0.602216445055279,3.47956347223313
2010-2015,2511,0.5,0.256410256410256,0.0272573066968931,0.140559478734299,0.0812611494953261,0.201289417055139
2010-2015,2519,0.512455516014235,0.323843416370107,0.196104874383985,0.123947832859367,0.509332280639277,0.18471591973431
2010-2015,2520,0.85295267892061,0.301916308173641,0.103764432998542,0.265717254021682,0.267699316642845,0.319895253579953
2010-2015,2610,0.550335570469799,0.214765100671141,0.0789414408756655,0.492725231390702,0.313367310191501,1.255606495042
2010-2015,2691,0.368589743589744,0.307692307692308,0.0992762784100469,0.137918124847497,0.247991277534371,0.31857410481372
2010-2015,2692,0.315789473684211,0.450292397660819,0.14102579846294,0.336525505834536,0.20042669971844,0.309965910666166
2010-2015,2693,0.555555555555556,0.38375350140056,0.248390894428404,0.28973296364287,0.530695924126393,0.426431883205008
2010-2015,2694,0.507246376811594,0.36231884057971,0.0945723561320769,0.193473222828592,0.183832852817928,0.265015188859767
2010-2015,2695,1.16968698517298,0.321252059308073,0.302668960741019,0.378930834472037,0.91704678674169,0.449431303372514
2010-2015,2696,0.563714902807775,0.345572354211663,0.431259146851375,0.302412998730882,1.43597387954188,0.534832068456903
2010-2015,2699,0.526570048309179,0.371980676328502,0.276997361765465,0.510180525826598,0.64682735410494,0.869566346774489
2010-2015,2710,0.479245283018868,0.326415094339623,0.182457537057498,0.316773081781726,0.460546622920025,0.616973178881883
2010-2015,2720,1.07777777777778,0.177777777777778,0.0672386505515368,0.239164666169301,0.333395845555498,0.311104177907205
2010-2015,2731,0.76219512195122,0.268292682926829,0.162649828329811,0.348907136734652,0.529755000843546,0.544453289112364
2010-2015,2732,0.569230769230769,0.353846153846154,0.252705746480376,0.300163662383805,0.617511328787148,0.208656735346739
2010-2015,2811,1.21972534332085,0.39284228048273,0.238136246241139,0.224433009860152,0.483093827961348,0.181170577085479
2010-2015,2812,0.475490196078431,0.318627450980392,0.173027000671054,0.244272197787664,0.447428859649176,0.333224485444779
2010-2015,2813,0.943661971830986,0.253521126760563,0.248817690264574,0.525612899551297,0.975302341767156,1.00876075086896
2010-2015,2891,0.369047619047619,0.373015873015873,0.174153047558968,0.845741787050739,0.354454701798506,2.18126418584226
2010-2015,2892,2.169921875,0.357421875,0.390480710732607,0.402774761226351,1.15174660085366,0.261326344188766
2010-2015,2893,0.958646616541353,0.244360902255639,0.0670890172655816,0.509285459802256,0.222379077960519,1.02970469111325
2010-2015,2899,0.44484556758925,0.327316486161252,0.155450283925305,0.238614386121726,0.378276361618146,0.34080638195911
2010-2015,2911,0.458333333333333,0.333333333333333,0.391742873293496,0.162279627528332,1.2880831348895,0.176105224326098
2010-2015,2912,0.657534246575342,0.205479452054795,0.166140097366451,0.229983248603194,0.770403246941981,0.435564858735768
2010-2015,2913,0.710144927536232,0.173913043478261,0.0505064309291988,0.281593349155107,0.252666847600108,0.343973055651135
2010-2015,2914,1.07142857142857,0.214285714285714,0.00289312640488713,0.195199942900076,0.0106389098622946,0.291053572143333
2010-2015,2915,1.25641025641026,0.282051282051282,0.0488147785047251,0.184384033677493,0.13063260132961,0.216839986040623
2010-2015,2919,0.7734375,0.2734375,0.123438603847949,0.131878836970827,0.374182579737257,0.154981886894755
2010-2015,2921,0.526315789473684,0.307017543859649,0.389249325771441,0.574919831069925,1.43854337356636,1.46520553654639
2010-2015,2922,0.722772277227723,0.237623762376238,0.04105952657656,0.511712721552326,0.137373123168089,1.23460034937833
2010-2015,2923,0.666666666666667,0.333333333333333,0.1211245693966,0.213776787263801,0.275635352130484,1.08761371478626
2010-2015,2924,0.584415584415584,0.350649350649351,0.739201051027749,0.547401675885674,5.2488357051708,1.20946465490535
2010-2015,2925,1.08196721311475,0.245901639344262,0.0488880771558328,0.481732219322832,0.157629646953531,0.746420257027791
2010-2015,2926,1.03571428571429,0.25,0.0391593768571949,0.329991754782162,0.122265990573261,0.492518946053974
2010-2015,2927,0.166666666666667,0.833333333333333,0.945025451640639,1,3.43804716853017,
2010-2015,2929,2.23825503355705,0.305369127516779,0.266680976764292,0.373012243591088,0.827233358078552,0.315748615607272
2010-2015,2930,0.449799196787149,0.321285140562249,0.275840090032417,0.15028856558734,0.804673363124405,0.23056283840179
2010-2015,3000,0.449275362318841,0.376811594202899,0.00291377384567375,0.156340379442682,0.00483301598341324,0.155423094829846
2010-2015,3110,1.1547619047619,0.31547619047619,0.144139552282592,0.253011084385383,0.365428304515543,0.281092680271107
2010-2015,3130,0.6524064171123,0.251336898395722,0.0851429880434728,0.146574616197219,0.277220820170502,0.212574088806327
2010-2015,3140,1,0.181818181818182,0.0107482710584351,0.0876704257033585,0.0488927321003601,0.0727993381343743
2010-2015,3150,0.981651376146789,0.339449541284404,0.0108748709626854,0.137909559992725,0.0213945742973077,0.109139164851948
2010-2015,3190,0.423076923076923,0.335164835164835,0.114076336662728,0.142122856750914,0.255419940577422,0.213001813475428
2010-2015,3210,1.19926199261993,0.298892988929889,0.114747753148239,0.283455638496766,0.304050509028214,0.194750525937
2010-2015,3220,3.12,0.306666666666667,0.0513141558203403,0.577113810223696,0.122289811607076,0.250778651415735
2010-2015,3230,0.957264957264957,0.299145299145299,0.14197790790604,0.462886990658635,0.387675281010308,0.607880724388126
2010-2015,3311,1.02777777777778,0.314814814814815,0.077555762506428,0.132822212245732,0.182989745268562,0.124188704006755
2010-2015,3312,1.55263157894737,0.184210526315789,0.318293669439022,0.845593116492965,2.06773237562993,2.97024824690626
2010-2015,3320,1.23809523809524,0.380952380952381,0.00193923502873724,0.166527251591348,0.00315737982325029,0.130637988070353
2010-2015,3330,0.363636363636364,0.363636363636364,0.0660229790407794,0.817976677702241,0.123707768744354,6.17897705438392
2010-2015,3410,0.385964912280702,0.43859649122807,0.0957087706331513,0.169427090472989,0.135473199818833,0.278165756315897
2010-2015,3420,0.738095238095238,0.285714285714286,0.384492495024247,0.170789535297857,1.56168889865686,0.205966449493864
2010-2015,3430,0.672811059907834,0.221198156682028,0.0200130281999984,0.15628286402537,0.0719015036067996,0.220755170421744
2010-2015,3511,0.327715355805243,0.415730337078652,0.261613704832912,0.28221221559934,0.497941683515548,0.292068721028122
2010-2015,3512,0.333333333333333,0.395833333333333,0.534886619417006,0.174392646901633,1.7552836079905,0.198027677269005
2010-2015,3520,,0.2,0.00907786749812417,,0.0366441204626418,
2010-2015,3530,0.2,0.6,0.724362104061352,0,1.75196544629597,0
2010-2015,3591,0.278846153846154,0.254807692307692,0.0316641984783537,0.0388214953889975,0.0956309210719975,0.106544650135628
2010-2015,3592,0.46031746031746,0.238095238095238,0.329742146533333,0.0472580372253372,1.57428199229469,0.0701271590023224
2010-2015,3599,0.390243902439024,0.317073170731707,0.121716185525416,0.514835478263862,0.298488864003003,0.795867363335143
2010-2015,3610,0.741632192553592,0.389244076720572,0.182011558934368,0.250228614727697,0.349138287828564,0.304630725249823
2010-2015,3691,1.52941176470588,0.329411764705882,0.129188490760664,0.265625866101423,0.302006637947491,0.164157848332978
2010-2015,3692,0.285714285714286,0.142857142857143,0.0174589582992589,0.00783817666391841,0.106615139062515,0.0171168812442846
2010-2015,3693,0.645161290322581,0.290322580645161,0.0984285666429302,0.206203159802812,0.266870881222397,0.279250792599474
2010-2015,3694,1.05072463768116,0.405797101449275,0.0532684959921283,0.207924206892188,0.0823890378344384,0.173796707033523
2010-2015,3699,0.722846441947566,0.388264669163546,0.154897173591187,0.253872284740365,0.288781674334456,0.206855093340714
2010-2015,3710,0.921052631578947,0.657894736842105,0.510474139296234,0.661352164922233,0.54225235833797,0.948561192830399
2010-2015,3720,0.873239436619718,0.492957746478873,0.510651915870812,0.552947544482172,1.07335041792319,0.578537823660003
2010-2015,4010,0.312444836716681,0.573698146513681,0.442330859591282,0.211111870476093,0.589392222575137,0.351517477672328
2010-2015,4020,0.588235294117647,0.470588235294118,0.985764567550872,0.101075428276404,77.9031576636524,0.0899523109776403
2010-2015,4030,11.8787878787879,0.484848484848485,0.267364843777092,0.209848073979301,0.38774435556397,0.272354384120065
2010-2015,4100,0.794721407624633,0.255131964809384,0.0368756743004942,0.160072704265758,0.111782053211291,0.177920838727399
2010-2015,4510,0.625663716814159,0.506194690265487,0.236638537454107,0.43694569832669,0.302408094284584,0.558695992102131
2010-2015,4520,0.841960490122531,0.431941318662999,0.192551034789222,0.372156421503339,0.313616732816274,0.353289090876537
2010-2015,4530,1.58351343007101,0.37943809817845,0.19000341325365,0.425846381616099,0.383638680410065,0.359061528880172
2010-2015,4540,1.55112651646447,0.434142114384749,0.196977851771594,0.520748584598528,0.319716704937296,0.421280282994398
2010-2015,5010,0.706702654071075,0.500224921277553,0.327080191691719,0.461894573788583,0.48562406811924,0.480273007444311
2010-2015,5020,0.90743073047859,0.462846347607053,0.280578920031013,0.609296143593401,0.452619824902703,0.849545037545309
2010-2015,5030,1.16375838926175,0.424832214765101,0.200006217520402,0.411865188729407,0.338480767319304,0.370742000316381
2010-2015,5040,0.474744437763079,0.499699338544799,0.227182688392117,0.251227447824121,0.294320623618179,0.301733398787639
2010-2015,5050,0.427078458898768,0.328497894244268,0.213308340092839,0.272209721353688,0.554265796209235,0.593545091369188
2010-2015,5110,0.754448398576512,0.533807829181495,0.175580905169621,0.542068285562124,0.185998429855653,0.272202453969687
2010-2015,5121,1.31223371880706,0.527084601339014,0.318040058674822,0.503435474395703,0.418433153028296,0.349858398052291
2010-2015,5122,1.61272152768237,0.482621239181206,0.208402679699023,0.369583314364537,0.282228683192452,0.219438894360035
2010-2015,5131,1.56451612903226,0.462074978204011,0.299033011141323,0.456645022890311,0.496627612369589,0.326425737803123
2010-2015,5139,1.178,0.3918,0.182725775308815,0.304403070494128,0.347067538074741,0.224862355649407
2010-2015,5141,1.05286024619841,0.351194786386676,0.0690983700148184,0.258465338937542,0.137129307579936,0.231570682223565
2010-2015,5142,0.915510204081633,0.41469387755102,0.144257698145478,0.389752184896506,0.23793122494182,0.416863747524728
2010-2015,5143,1.06977130977131,0.414386694386694,0.256429896969729,0.457250524630697,0.487362233322559,0.456141818327351
2010-2015,5149,0.883255142547817,0.400216528329123,0.215246717819243,0.311584760838893,0.411057778063137,0.288210526895921
2010-2015,5150,1.27631314147716,0.431206815589991,0.257360321925357,0.454015910989526,0.457122090482239,0.433041573099515
2010-2015,5190,1.6340443329151,0.451693851944793,0.144704418803706,0.466140522550037,0.205373545731706,0.314442027463368
2010-2015,5211,3.10416666666667,0.629166666666667,0.263641718969317,0.437668338664977,0.2110269969749,0.144170169005895
2010-2015,5219,0.679920477137177,0.544731610337972,0.228360761658622,0.305287327376087,0.247338714159871,0.223576780474536
2010-2015,5220,1.02841677943166,0.554127198917456,0.250273467888057,0.626479657511607,0.26860459872041,0.567168686632285
2010-2015,5231,0.749445676274945,0.445676274944568,0.143156114920352,0.294673660809936,0.207803162751602,0.173870423655064
2010-2015,5232,0.507772020725389,0.56580310880829,0.150982351047924,0.439794928795643,0.136468005968314,0.289991772305507
2010-2015,5233,0.482940622054665,0.497643732327992,0.198544532392582,0.236938524989808,0.250075889490974,0.198523043594712
2010-2015,5234,0.804409779511025,0.500224988750562,0.329371043239571,0.500324603081054,0.490695717991656,0.606044636277516
2010-2015,5239,0.986878627302549,0.478257212549416,0.279822874500852,0.364107752890687,0.423875989256028,0.282709794030811
2010-2015,5259,88,,,0.638750505767938,,1.14529190949802
2010-2015,5260,0.910041841004184,0.437238493723849,0.362342227028803,0.528393144678359,0.73137024085153,0.50740417258663
2010-2015,5510,0.701438225610813,0.3626754461965,0.145581712469997,0.4308144090966,0.299418606641508,0.718378258045374
2010-2015,5520,1.45313553607552,0.548662620813666,0.235500843471684,0.480029916584,0.253402786025296,0.308014784767569
2010-2015,6010,0.653846153846154,0.5,0.755549839617802,0.0955932607922391,3.09081343385703,0.0373048944286141
2010-2015,6020,1.22614107883817,0.418650360340686,0.238053690994118,0.420717794622953,0.433846889615407,0.36608003369313
2010-2015,6110,0.433911882510013,0.514018691588785,0.137527638315903,0.281700327292817,0.150759765237584,0.278747064136528
2010-2015,6120,0.789915966386555,0.46358543417367,0.152629148976291,0.33149371191887,0.208417768861864,0.343769586268312
2010-2015,6200,0.125,0.5625,0.945449939950971,0.0011745642043093,13.4802776135219,0.00117594542771492
2010-2015,6301,0.99438202247191,0.334269662921348,0.326638470759356,0.380545022833624,0.966096297710242,0.466815553309017
2010-2015,6302,1.43373493975904,0.307228915662651,0.0228911302455117,0.251693128176977,0.0528265130661878,0.276994240728857
2010-2015,6303,1205,1,1,0.506211733717765,,0.565751924968826
2010-2015,6304,1.58637362637363,0.460659340659341,0.145705685826291,0.413796320647305,0.199688136262327,0.250357826377365
2010-2015,6309,1.00620242458416,0.383140682266704,0.230086420563862,0.356018441327222,0.481145988405515,0.268132577824775
2010-2015,6410,1.31746031746032,0.457142857142857,0.847183635023064,0.369802875835957,6.58326460481983,0.282797630426076
2010-2015,6420,1.20689655172414,0.635318704284222,0.353331886097152,0.557498220325046,0.313634068795296,0.315242180029625
2010-2015,6511,0.181818181818182,1,1,0.922610375186567,,29.8040718446029
2010-2015,6519,0.242451154529307,0.165186500888099,0.712311855036666,0.22213491983454,12.5130481547456,0.92365676699747
2010-2015,6591,0.40625,0.59375,0.315199718767852,0.403050655667394,0.31492826650816,1.09068187203339
2010-2015,6592,0.516823687752355,0.60699865410498,0.334809214097987,0.553638976684885,0.325879833846965,0.952864581530797
2010-2015,6599,0.833333333333333,0.275,0.0616169666710024,0.226148507766858,0.173111325061125,0.149041179242631
2010-2015,6601,1.45945945945946,0.540540540540541,0.143082544537535,0.0551089431632163,0.141927512482831,0.0205210786632786
2010-2015,6603,0.396551724137931,0.53448275862069,0.803481492256204,0.562289974963681,3.56102063379031,1.22876460209757
2010-2015,6711,0.0612244897959184,0.326530612244898,0.0826694513414173,0.2545587162655,0.185871650781722,0.227658186562296
2010-2015,6719,3,0.472361809045226,0.176767683433312,0.620522185697243,0.239851205347519,0.334161508366948
2010-2015,6720,2.63380281690141,0.394366197183099,0.205086140518457,0.562091896517945,0.396211126576181,0.253971193526044
2010-2015,7010,1.15816326530612,0.530612244897959,0.306707653987493,0.83361331903292,0.391347619596733,1.14768729167459
2010-2015,7020,1.32,0.72,0.733139644365534,0.947055582403984,1.06838597670251,1.62615750528541
2010-2015,7110,0.961492537313433,0.362985074626866,0.169522373695188,0.313909642791265,0.358228329848008,0.416198237516735
2010-2015,7120,1.14691943127962,0.579778830963665,0.16034817963519,0.550275448390974,0.138414112510895,0.423591278196331
2010-2015,7211,1.4094387755102,0.496173469387755,0.345860142402126,0.622266490984782,0.536880213094843,0.548626071953654
2010-2015,7221,0.0595667870036101,0.425992779783394,0.125543601390972,0.990452480259701,0.193451249827084,9.43084036674004
2010-2015,7229,30,0.7,0.138632053105737,0.549932823650974,0.0689760250071266,0.712769479729754
2010-2015,7230,1.55056179775281,0.651685393258427,0.420218625540208,0.708241411600952,0.3873867290266,0.96747838464965
2010-2015,7310,2.75409836065574,0.540983606557377,0.0905209126510203,0.292695038480738,0.0844501252681798,0.11207552220699
2010-2015,7320,1.3302852962692,0.46525237746891,0.250706392227485,0.461412703509252,0.384568440323393,0.287375653088208
2010-2015,7330,3.42105263157895,0.508771929824562,0.339328966087856,0.634621982060854,0.495901818666397,0.400821120699766
2010-2015,7350,2.6264367816092,0.505747126436782,0.425972392398133,0.672995090101258,0.725211115543667,0.972736412936585
2010-2015,7390,12.6375,0.3875,0.0102079975907309,0.354793203988506,0.0163016289876833,0.176770001083347
2010-2015,7411,1.66573816155989,0.405988857938719,0.427033533649744,0.452764470370802,1.09046881837367,0.303690630614243
2010-2015,7412,1.22,0.362222222222222,0.306660544143,0.433301886398131,0.778764738533544,0.434531297487107
2010-2015,7413,0.515815085158151,0.518248175182482,0.13471986774338,0.334205514938065,0.144730646694686,0.191788506256843
2010-2015,7414,1.11191489361702,0.495744680851064,0.306836496085682,0.506969527901105,0.450260398383876,0.323868358239858
2010-2015,7421,1.20395398190551,0.35340109460516,0.240245348861904,0.598595997641467,0.578560388090365,0.870210428970569
2010-2015,7422,2.06185567010309,0.293814432989691,0.334777721171311,0.971241409124248,1.20958244347847,20.1789004356618
2010-2015,7430,0.900524392181789,0.491657397107898,0.174679425619385,0.367457937368629,0.218833100775435,0.26488509365536
2010-2015,7491,0.735322425409047,0.510105871029836,0.209140298572593,0.493599198682974,0.253968696514133,0.306194894433705
2010-2015,7492,1.08333333333333,0.363387978142077,0.247795109281234,0.457179751535633,0.577113000565517,0.474750339082776
2010-2015,7493,1.63198757763975,0.406832298136646,0.132016052946561,0.480177467669507,0.221756890045909,0.373536366848596
2010-2015,7494,0.610810810810811,0.413513513513514,0.28284659697286,0.396150535370362,0.559380338516614,0.638624834678531
2010-2015,7495,1.92857142857143,0.404761904761905,0.517667012556438,0.502448744750283,1.57831837814001,0.261811196344635
2010-2015,7499,2.28175068386088,0.488081281750684,0.429383128313315,0.587779841277467,0.789240248333991,0.461539409417245
2010-2015,7523,0.666666666666667,,,1,,
2010-2015,8011,3.48091603053435,0.480916030534351,0.227990807695547,0.488576810761676,0.318759567497177,0.199026633358067
2010-2015,8012,0.934782608695652,0.347826086956522,0.0292688210202722,0.219973015376772,0.0565337145868646,0.104932811222905
2010-2015,8021,2.06122448979592,0.346938775510204,0.168348068134526,0.300944298032239,0.381037389624753,0.136396410496426
2010-2015,8022,0.907433380084152,0.538569424964937,0.395790312799013,0.488753509441064,0.561231644088605,0.344279520446003
2010-2015,8030,1.37037037037037,0.518518518518519,0.0794475004750358,0.425636911563684,0.0801395673257119,0.220314825213359
2010-2015,8090,4.30530401034929,0.531694695989651,0.203959289299268,0.527883473509016,0.225670587682775,0.244589001550875
2010-2015,8511,0.701612903225807,0.338709677419355,0.190259131135158,0.224489462111872,0.458737255247561,0.262854910401703
2010-2015,8512,1,,,,,
2010-2015,8513,1.10684474123539,0.358931552587646,0.189857414324538,0.475367519786304,0.418561100918195,0.548031061586691
2010-2015,8519,1.5974025974026,0.558441558441558,0.591959277808862,0.354078132950448,1.14709341214902,0.22729201763164
2010-2015,8520,2,0.285714285714286,0.0104938434360746,0.439397228427178,0.026512830078073,0.279926517560483
2010-2015,8531,2.09090909090909,0.454545454545455,0.0103340034564244,0.0513156872968506,0.0125302922309337,0.0152867073475006
2010-2015,8532,0.307692307692308,0.538461538461538,0.0522485538346707,0.126507796410709,0.0472533963378618,0.14482990906029
2010-2015,9011,2.34131736526946,0.425149700598802,0.266362478856831,0.68027545175874,0.490912846887812,0.712858537502469
2010-2015,9012,2.76923076923077,0.230769230769231,0.0101551356117422,0.136485218855421,0.0341977346723529,0.0351239484219784
2010-2015,9013,2.23456790123457,0.518518518518519,0.867381087701518,0.263914677340505,6.07323104799779,0.247609226661161
2010-2015,9014,1.78365384615385,0.533653846153846,0.228814082857992,0.734246441198325,0.259282028547716,1.02770374231775
2010-2015,9020,2.5,0.666666666666667,0.720435428005938,0.0834017673837365,1.28849557522124,0.0242641437774196
2010-2015,9031,5.6,0.4,0.0358078602620087,0.953223239156387,0.0557065217391304,2.18337181746369
2010-2015,9032,1.16666666666667,0.166666666666667,0.000140114894213255,0.603433717984802,0.00070067264573991,0.652134239075332
2010-2015,9033,0.125,0.333333333333333,0.0373967024007373,0.00058917980990858,0.0776990947236622,0.000982545245668703
2010-2015,9041,3.05691056910569,0.487804878048781,0.0357920152156211,0.460370261601014,0.0389766695250987,0.188322249941123
2010-2015,9049,2.47181628392484,0.555323590814196,0.124199489366243,0.151285893786334,0.113556652868059,0.0409500292701693
2010-2015,9131,1,,,0.486902927580894,,0.474474474474475
2010-2015,9132,1,,,1,,
2010-2015,9199,0.333333333333333,0.666666666666667,0.520664227413453,0.897395491354782,0.543110129882331,0.971795601061813
2010-2015,9200,1.21884498480243,0.361702127659575,0.0517994759006047,0.248223153523818,0.0964045447152846,0.159738903902606
2010-2015,9301,1.3953488372093,0.449612403100775,0.295255682074714,0.374948951602451,0.512857884182945,0.293269448645716
2010-2015,9302,1.5191637630662,0.637630662020906,0.503240688856513,0.745171142760129,0.575720881331562,0.529844003479712
2010-2015,9303,2.43333333333333,0.333333333333333,0.069969058758464,0.400011404923669,0.150466088074574,0.200922789691405
2010-2015,9309,0.749534450651769,0.558659217877095,0.075946241478554,0.755710258201308,0.0649286150451443,1.12211419951454
2010-2015,9500,0.216216216216216,0.675675675675676,0.230834520597775,0.975259006282416,0.144052967604635,24.6367177440124
